Frequency_Hz,Reflection_Coefficient,Absorption_Coefficient,Attenuation_dB,Specific_Resistance_Ratio,Specific_Reactance_Ratio
380,0.981845,0.03598046,0.1591416,0.4461041,-6.892229
384,0.9816417,0.03637958,0.1609401,0.455314,-6.92421
388,0.9801103,0.03938383,0.1745011,0.4901582,-6.896528
392,0.9809507,0.03773582,0.1670568,0.4547795,-6.788981
396,0.9795161,0.04054809,0.1797679,0.5020379,-6.875245
400,0.9796042,0.04037553,0.1789869,0.4921048,-6.821024
404,0.9783545,0.04282254,0.1900754,0.5235707,-6.825303
408,0.9795847,0.04041386,0.1791603,0.4840781,-6.760892
412,0.979182,0.0412026,0.1827315,0.4954127,-6.77193
416,0.9774007,0.04468793,0.1985473,0.5369518,-6.760185
420,0.9761862,0.04706061,0.2093472,0.5518335,-6.670521
424,0.9758886,0.0476414,0.2119949,0.5492906,-6.611996
428,0.9740539,0.05121911,0.2283407,0.595645,-6.631086
432,0.9728645,0.05353463,0.2389527,0.6318259,-6.674272
436,0.9736568,0.05199248,0.2318822,0.5942014,-6.570611
440,0.971251,0.0566715,0.2533705,0.6688871,-6.66531
444,0.9726167,0.05401683,0.2411659,0.6224353,-6.592397
448,0.9736801,0.05194712,0.2316744,0.5998886,-6.605496
452,0.9746899,0.04997957,0.2226706,0.5804528,-6.630038
456,0.97216,0.05490488,0.2452448,0.634632,-6.600232
460,0.9748756,0.04961765,0.2210164,0.5635417,-6.556375
464,0.9765382,0.04637307,0.2062149,0.5245597,-6.551541
468,0.9750605,0.0492571,0.2193691,0.5511521,-6.507772
472,0.9771754,0.04512835,0.20055,0.4883335,-6.408498
476,0.9784232,0.04268807,0.1894653,0.4619797,-6.414939
480,0.9780698,0.04337937,0.1926026,0.4646794,-6.379862
484,0.9786237,0.04229569,0.1876856,0.4400834,-6.288553
488,0.9779627,0.043589,0.1935543,0.4497377,-6.258518
492,0.9790524,0.04145646,0.1838816,0.4214913,-6.216727
496,0.9795713,0.04044008,0.179279,0.4049115,-6.170629
500,0.982213,0.03525758,0.1558862,0.347947,-6.136599
504,0.9796581,0.04027009,0.1785097,0.3859288,-6.034338
508,0.9804245,0.03876776,0.1717167,0.3712163,-6.03501
512,0.9817697,0.03612828,0.1598076,0.3415467,-6.001264
516,0.9818254,0.03601885,0.1593146,0.3313239,-5.917944
520,0.9809505,0.03773606,0.1670579,0.3364694,-5.820607
524,0.9829836,0.03374326,0.1490747,0.3010874,-5.830836
528,0.9822348,0.03521472,0.1556933,0.3096716,-5.784463
532,0.9824048,0.03488088,0.1541908,0.2959875,-5.680065
536,0.9812819,0.03708589,0.1641245,0.3130946,-5.660871
540,0.9810139,0.03761172,0.1664968,0.3104462,-5.594516
544,0.9820136,0.03564918,0.1576495,0.2935479,-5.591435
548,0.9750049,0.04936552,0.2198644,0.4062255,-5.562215
552,0.9733764,0.05253839,0.2343838,0.404637,-5.369726
556,0.9772736,0.04493636,0.1996769,0.3328936,-5.277863
560,0.9823698,0.03494948,0.1544995,0.2569311,-5.275049
564,0.9825583,0.03457916,0.1528333,0.2492793,-5.222555
568,0.9810399,0.03756076,0.1662668,0.2625076,-5.134356
572,0.981113,0.03741723,0.1656192,0.2642286,-5.16221
576,0.9819258,0.03582162,0.1584261,0.2463423,-5.094528
580,0.9810718,0.03749806,0.1659839,0.2545375,-5.057483
584,0.9810778,0.03748626,0.1659306,0.246395,-4.973764
588,0.9810717,0.03749841,0.1659855,0.2434692,-4.942159
592,0.9789305,0.04169512,0.184963,0.2647214,-4.878155
596,0.9799891,0.03962135,0.175575,0.2495021,-4.860806
600,0.9793724,0.0408296,0.1810423,0.2536912,-4.825129
604,0.9794011,0.04077345,0.1807881,0.2473697,-4.765685
608,0.9800933,0.03941715,0.1746517,0.2330679,-4.704361
612,0.9794128,0.04075056,0.1806845,0.2397105,-4.68963
616,0.9792848,0.04100138,0.1818202,0.2363334,-4.639787
620,0.9796479,0.04028994,0.1785995,0.2274166,-4.590371
624,0.9787187,0.04210973,0.1868424,0.2351123,-4.561559
628,0.977695,0.04411238,0.1959317,0.24302,-4.526733
632,0.9786679,0.04220921,0.1872934,0.2263435,-4.466068
636,0.9786545,0.04223537,0.1874121,0.2257876,-4.458831
640,0.977471,0.04455048,0.1979225,0.2339826,-4.414252
644,0.9767304,0.04599774,0.204506,0.2345579,-4.344331
648,0.9793796,0.04081559,0.1809789,0.2046815,-4.313684
652,0.9785099,0.04251838,0.1886955,0.2096883,-4.273582
656,0.9767516,0.04595625,0.2043171,0.2248919,-4.251362
660,0.9783993,0.04273474,0.189677,0.204074,-4.20139
664,0.9781177,0.04328573,0.1921775,0.2029907,-4.160649
668,0.977599,0.04430014,0.1967848,0.2040491,-4.120008
672,0.9771606,0.04515707,0.2006807,0.2076028,-4.114738
676,0.9782798,0.04296869,0.1907386,0.192625,-4.063161
680,0.9772023,0.04507565,0.2003103,0.1993186,-4.031018
684,0.9770336,0.04540533,0.2018099,0.1977501,-3.998285
688,0.9761141,0.04720128,0.2099883,0.2014755,-3.953502
692,0.9773166,0.04485226,0.1992945,0.1869078,-3.906404
696,0.9773679,0.044752,0.1988386,0.1848789,-3.888548
700,0.9782038,0.0431174,0.1914134,0.1757631,-3.863049
704,0.9760453,0.04733568,0.210601,0.1900457,-3.826642
708,0.9777784,0.04394943,0.1951913,0.1733324,-3.79459
712,0.9774554,0.044581,0.1980612,0.1729877,-3.761025
716,0.9758156,0.04778391,0.2126449,0.182711,-3.727728
720,0.9765707,0.04630971,0.2059264,0.1746007,-3.701546
724,0.9771625,0.0451535,0.2006644,0.1671884,-3.667198
728,0.9766878,0.04608083,0.2048842,0.167805,-3.633507
732,0.9784176,0.04269892,0.1895145,0.1528725,-3.604422
736,0.976707,0.04604346,0.2047141,0.1618118,-3.56476
740,0.9760504,0.04732567,0.2105554,0.1655877,-3.554857
744,0.9763778,0.04668641,0.2076422,0.1599578,-3.515587
748,0.9768288,0.04580557,0.2036312,0.1549815,-3.492832
752,0.9781464,0.0432297,0.1919232,0.1441562,-3.468365
756,0.9759522,0.0475173,0.211429,0.1552613,-3.425673
760,0.9747289,0.04990351,0.2223229,0.1618217,-3.408952
764,0.9760468,0.04733264,0.2105872,0.1507975,-3.379247
768,0.9766911,0.04607445,0.2048552,0.1456744,-3.366645
772,0.9761302,0.04716974,0.2098446,0.1462787,-3.330243
776,0.976,0.04742408,0.211004,0.1450278,-3.304743
780,0.9760396,0.04734659,0.2106507,0.1433388,-3.286716
784,0.9766891,0.04607838,0.2048731,0.1374284,-3.261322
788,0.9766203,0.04621285,0.2054853,0.1366259,-3.245594
792,0.97833,0.04287052,0.1902931,0.1240237,-3.210685
796,0.9769836,0.04550302,0.2022544,0.1301435,-3.187977
800,0.9775469,0.04440212,0.1972482,0.1256136,-3.170017
804,0.9776237,0.04425192,0.1965657,0.1228693,-3.137758
808,0.9787782,0.04199326,0.1863144,0.1154389,-3.122777
812,0.9797685,0.04005367,0.1775305,0.1082217,-3.09508
816,0.9794997,0.04058033,0.1799138,0.1080311,-3.069345
820,0.9788263,0.04189909,0.1858874,0.1102236,-3.047977
824,0.9791474,0.04127043,0.1830388,0.1067425,-3.020063
828,0.9793028,0.04096609,0.1816604,0.1046002,-2.998867
832,0.9775448,0.04440606,0.1972661,0.112501,-2.982644
836,0.9774864,0.04452038,0.1977857,0.1119471,-2.97012
840,0.9760638,0.0472995,0.2104361,0.1172355,-2.943823
844,0.9767354,0.04598802,0.2044617,0.1123205,-2.921007
848,0.9761668,0.04709828,0.2095189,0.1140232,-2.905652
852,0.9765918,0.0462684,0.2057383,0.1102137,-2.880214
856,0.9778927,0.04372585,0.1941758,0.103493,-2.872237
860,0.9775186,0.04445738,0.1974994,0.1042452,-2.856567
864,0.9767486,0.04596221,0.2043442,0.1064017,-2.834749
868,0.9783217,0.04288661,0.1903661,0.0979698,-2.816385
872,0.9791612,0.04124331,0.1829159,0.09336124,-2.803434
876,0.9796065,0.04037106,0.1789666,0.09026209,-2.784703
880,0.9793983,0.04077893,0.1808129,0.09011375,-2.766025
884,0.9796177,0.04034925,0.1788679,0.08835718,-2.752221
888,0.9803148,0.03898293,0.172689,0.08453353,-2.73819
892,0.979093,0.04137689,0.183521,0.08893082,-2.722386
896,0.9804832,0.0386526,0.1711964,0.08205556,-2.705688
900,0.9790366,0.04148728,0.1840212,0.08690936,-2.682908
904,0.9804808,0.03865731,0.1712177,0.08076,-2.681133
908,0.9832258,0.03326708,0.1469349,0.06836753,-2.660644
912,0.9831021,0.03351027,0.1480276,0.06810799,-2.643663
916,0.9847752,0.03021783,0.133258,0.06065769,-2.627621
920,0.9847702,0.0302276,0.1333018,0.05994789,-2.60948
924,0.9839718,0.03179955,0.1403472,0.06237433,-2.591774
928,0.9815353,0.03658843,0.1618814,0.07094347,-2.570786
932,0.9805441,0.03853315,0.1706569,0.07438303,-2.562647
936,0.9809625,0.03771263,0.1669522,0.07197638,-2.546576
940,0.9823261,0.03503543,0.1548863,0.06634507,-2.537227
944,0.9820393,0.03559887,0.1574229,0.06666734,-2.520552
948,0.9808227,0.03798676,0.1681895,0.07063319,-2.508272
952,0.9817172,0.03623128,0.1602717,0.06664082,-2.493899
956,0.9822531,0.0351789,0.1555321,0.06429393,-2.485516
960,0.982518,0.03465849,0.1531902,0.06287175,-2.475166
964,0.9836513,0.03243005,0.1431763,0.05833158,-2.464689
968,0.9823336,0.03502071,0.1548201,0.06275422,-2.45728
972,0.9811677,0.03731,0.1651354,0.06613982,-2.440123
976,0.9815788,0.03650314,0.1614969,0.06446277,-2.435311
980,0.9814728,0.03671116,0.1624347,0.06418711,-2.420999
984,0.9818662,0.0359388,0.158954,0.06214188,-2.40588
988,0.9808201,0.037992,0.1682132,0.06539539,-2.397938
992,0.9813803,0.03689259,0.1632528,0.06287593,-2.384844
996,0.9831417,0.03343248,0.147678,0.05681651,-2.383468
1000,0.9815888,0.03648347,0.1614083,0.0615233,-2.370341
1004,0.9819687,0.03573745,0.158047,0.05990786,-2.362612
1008,0.9821298,0.03542101,0.1566221,0.05886267,-2.350745
1012,0.9826685,0.03436255,0.151859,0.05668196,-2.341264
1016,0.9817197,0.03622651,0.1602502,0.05910881,-2.324837
1020,0.9811519,0.03734088,0.1652747,0.06103473,-2.326439
1024,0.9812889,0.03707218,0.1640627,0.05993753,-2.311631
1028,0.9830886,0.03353691,0.1481473,0.05363834,-2.299428
1032,0.9829359,0.03383702,0.1494961,0.05397184,-2.295507
1036,0.9828673,0.03397185,0.1501022,0.05394557,-2.289323
1040,0.9821897,0.03530347,0.1560929,0.05574453,-2.280662
1044,0.9834288,0.03286773,0.1451412,0.05138622,-2.268981
1048,0.9835874,0.03255576,0.1437406,0.05054042,-2.259661
1052,0.9828301,0.03404498,0.150431,0.05266738,-2.253856
1056,0.9823261,0.03503531,0.1548858,0.05388976,-2.245424
1060,0.980318,0.03897661,0.1726604,0.0598044,-2.239259
1064,0.9824615,0.03476936,0.153689,0.0529406,-2.231996
1068,0.9840748,0.03159684,0.139438,0.04749776,-2.217144
1072,0.9836361,0.03245991,0.1433103,0.04881277,-2.21701
1076,0.9825481,0.0345993,0.1529239,0.05181735,-2.210031
1080,0.9832907,0.03313947,0.1463617,0.04935283,-2.203601
1084,0.9836983,0.03233767,0.1427616,0.04780111,-2.194279
1088,0.9836841,0.03236568,0.1428874,0.04755772,-2.186361
1092,0.9840094,0.03172553,0.1400152,0.04633352,-2.178756
1096,0.9830776,0.03355849,0.1482442,0.04888934,-2.174212
1100,0.9816055,0.03645056,0.16126,0.05296477,-2.168754
1104,0.9829121,0.03388387,0.1497067,0.04907959,-2.166401
1108,0.9848313,0.03010738,0.1327634,0.0430833,-2.153121
1112,0.984218,0.03131491,0.1381738,0.04473938,-2.150181
1116,0.981411,0.03683239,0.1629813,0.05243413,-2.141668
1120,0.9820319,0.03561336,0.1574882,0.05055393,-2.13879
1124,0.9830084,0.03369439,0.148855,0.047546,-2.132372
1128,0.9821762,0.03532994,0.156212,0.049568,-2.123775
1132,0.9817551,0.03615683,0.1599363,0.05057718,-2.119339
1136,0.982708,0.03428501,0.1515103,0.04766589,-2.112705
1140,0.9831017,0.0335111,0.1480313,0.04658044,-2.112975
1144,0.9817332,0.03619993,0.1601305,0.05002111,-2.103488
1148,0.9823085,0.03507,0.1550419,0.04822308,-2.097963
1152,0.9812557,0.03713721,0.164356,0.05094482,-2.09349
1156,0.9814681,0.03672028,0.1624758,0.05036313,-2.093533
1160,0.9816012,0.03645903,0.1612981,0.04974892,-2.087127
1164,0.9823253,0.03503698,0.1548933,0.04774923,-2.086508
1168,0.9818362,0.03599769,0.1592193,0.04889984,-2.0817
1172,0.9827586,0.03418547,0.1510627,0.04610889,-2.073838
1176,0.9825659,0.03456432,0.1527665,0.04631707,-2.065268
1180,0.9825838,0.03452915,0.1526083,0.04626851,-2.065249
1184,0.9827833,0.03413695,0.1508445,0.04549717,-2.058659
1188,0.9824196,0.03485173,0.1540596,0.04619759,-2.051258
1192,0.9814229,0.03680909,0.1628762,0.04883052,-2.050928
1196,0.9814544,0.03674734,0.1625978,0.04852219,-2.045074
1200,0.9811677,0.03731,0.1651354,0.0491595,-2.041969
1204,0.9818962,0.03587991,0.1586887,0.04708228,-2.037764
1208,0.9821747,0.03533286,0.1562251,0.04615219,-2.032342
1212,0.982141,0.03539914,0.1565236,0.04597852,-2.025184
1216,0.9824976,0.03469855,0.1533704,0.04492539,-2.021651
1220,0.9816498,0.03636378,0.1608689,0.04726613,-2.02546
1224,0.9826943,0.03431195,0.1516314,0.04426925,-2.017501
1228,0.9817103,0.03624499,0.1603335,0.04676082,-2.016143
1232,0.9793527,0.0408684,0.181218,0.05267843,-2.011907
1236,0.9805123,0.03859568,0.1709393,0.04954172,-2.008208
1240,0.9809263,0.03778362,0.1672726,0.04836935,-2.005387
1244,0.9816149,0.03643209,0.1611767,0.04642409,-2.000511
1248,0.9809642,0.03770918,0.1669365,0.04775,-1.99181
1252,0.9797742,0.04004258,0.1774803,0.05074248,-1.991179
1256,0.9781768,0.04317009,0.1916526,0.05471484,-1.989292
1260,0.9794124,0.0407514,0.1806883,0.05144154,-1.985897
1264,0.9785449,0.04244989,0.1883849,0.05334104,-1.979073
1268,0.9803425,0.03892857,0.1724433,0.04878558,-1.9781
1272,0.9805507,0.03852034,0.170599,0.0479312,-1.969537
1276,0.9801896,0.03922844,0.1737986,0.04899777,-1.973767
1280,0.9816068,0.036448,0.1612484,0.04510903,-1.964245
1284,0.9807142,0.03819966,0.1691508,0.04737113,-1.965551
1288,0.9793038,0.04096401,0.1816509,0.05050614,-1.956579
1292,0.9783267,0.04287678,0.1903215,0.05317448,-1.962523
1296,0.9793258,0.04092103,0.1814563,0.05075061,-1.963862
1300,0.9788141,0.04192305,0.1859961,0.05142883,-1.949735
1304,0.9768152,0.04583216,0.2037522,0.05650626,-1.9533
1308,0.9775467,0.04440248,0.1972499,0.05457701,-1.950497
1312,0.9797695,0.0400517,0.1775216,0.04889967,-1.945114
1316,0.9785374,0.04246461,0.1884517,0.05184858,-1.943594
1320,0.979875,0.03984493,0.1765862,0.04846285,-1.940584
1324,0.9786287,0.04228586,0.187641,0.05128239,-1.935412
1328,0.9790383,0.041484,0.1840063,0.05023731,-1.934171
1332,0.9807515,0.03812659,0.1688208,0.04573286,-1.924695
1336,0.9812987,0.03705275,0.163975,0.04447255,-1.926156
1340,0.9799378,0.03972191,0.1760298,0.04758853,-1.92217
1344,0.9765589,0.04633278,0.2060314,0.05586669,-1.925675
1348,0.976638,0.04617828,0.2053279,0.05509782,-1.912952
1352,0.9792774,0.0410158,0.1818855,0.04872167,-1.910937
1356,0.9784135,0.04270697,0.189551,0.05077111,-1.910803
1360,0.9783584,0.04281473,0.1900399,0.05088387,-1.910369
1364,0.9779816,0.04355192,0.193386,0.05183333,-1.911608
1368,0.9795568,0.04046845,0.1794074,0.04776509,-1.903526
1372,0.9779006,0.04371035,0.1941054,0.05152183,-1.899773
1376,0.9766769,0.04610229,0.2049819,0.05430483,-1.897399
1380,0.9782366,0.04305315,0.1911218,0.05044527,-1.892975
1384,0.9773982,0.04469275,0.1985693,0.05249438,-1.894863
1388,0.977129,0.04521883,0.2009615,0.05290326,-1.88975
1392,0.9786726,0.04220003,0.1872518,0.0491047,-1.885166
1396,0.9776235,0.04425234,0.1965676,0.05133164,-1.880052
1400,0.9749026,0.04956496,0.2207756,0.05761808,-1.879188
1404,0.97667,0.04611576,0.2050432,0.05331235,-1.874766
1408,0.9783955,0.04274219,0.1897108,0.04908943,-1.869067
1412,0.9770596,0.04535455,0.2015789,0.05204001,-1.866238
1416,0.9778317,0.04384512,0.1947175,0.05006103,-1.861302
1420,0.9768137,0.04583496,0.203765,0.0522357,-1.857794
1424,0.9765571,0.04633629,0.2060475,0.05271991,-1.855492
1428,0.9763669,0.04670775,0.2077394,0.05305598,-1.8533
1432,0.9771783,0.04512262,0.200524,0.05110097,-1.850718
1436,0.9771026,0.04527044,0.2011963,0.05137761,-1.853166
1440,0.9736199,0.05206436,0.2322115,0.05902464,-1.847488
1444,0.9749525,0.04946768,0.2203311,0.05583167,-1.843858
1448,0.9760237,0.04737765,0.2107923,0.05326758,-1.840624
1452,0.9756212,0.04816335,0.2143758,0.05392147,-1.835065
1456,0.9756939,0.04802132,0.2137278,0.05385714,-1.837249
1460,0.9781768,0.04317009,0.1916526,0.04838048,-1.839478
1464,0.9794596,0.04065883,0.1802692,0.0450783,-1.828276
1468,0.9765977,0.0462569,0.2056859,0.05131362,-1.825381
1472,0.975552,0.04829836,0.2149918,0.05351125,-1.82259
1476,0.9756269,0.04815209,0.2143244,0.05314742,-1.818199
1480,0.9764961,0.04645538,0.2065898,0.0509554,-1.811896
1484,0.9756725,0.0480631,0.2139184,0.05273066,-1.811138
1488,0.9748178,0.04973036,0.2215315,0.05442816,-1.807222
1492,0.9750299,0.04931659,0.2196408,0.05415992,-1.811514
1496,0.9753086,0.04877317,0.2171591,0.0530291,-1.800049
1500,0.9759986,0.04742664,0.2110157,0.05148328,-1.799033
1504,0.9771298,0.04521734,0.2009548,0.0489606,-1.797447
1508,0.9758565,0.04770398,0.2122803,0.05154411,-1.793391
1512,0.9778415,0.04382598,0.1946306,0.04705626,-1.788435
1516,0.976646,0.04616261,0.2052566,0.04969288,-1.789986
1520,0.9768661,0.04573268,0.2032995,0.04890399,-1.782464
1524,0.9767423,0.04597455,0.2044004,0.04917774,-1.782673
1528,0.9768301,0.04580301,0.2036196,0.04872454,-1.776319
1532,0.9770291,0.04541415,0.2018501,0.048133,-1.772255
1536,0.9774697,0.04455292,0.1979336,0.04717533,-1.771684
1540,0.9784575,0.04262102,0.1891611,0.04485711,-1.765824
1544,0.9785046,0.04252875,0.1887426,0.04439113,-1.756248
1548,0.977555,0.04438615,0.1971757,0.04623269,-1.752655
1552,0.9768901,0.04568565,0.2030855,0.04755829,-1.751167
1556,0.9784847,0.04256761,0.1889189,0.04427711,-1.752179
1560,0.9768583,0.04574782,0.2033684,0.04741943,-1.74616
1564,0.9798822,0.0398308,0.1765223,0.04085182,-1.737574
1568,0.977974,0.04356688,0.193454,0.04476703,-1.737427
1572,0.9781882,0.0431478,0.1915514,0.04413084,-1.732318
1576,0.9785533,0.04243344,0.1883103,0.04309622,-1.724652
1580,0.9786756,0.04219407,0.1872248,0.04258667,-1.717625
1584,0.9781978,0.04312903,0.1914662,0.04319789,-1.708252
1588,0.9757623,0.04788792,0.2131193,0.04817667,-1.710394
1592,0.9757982,0.04781789,0.2127998,0.04808236,-1.709868
1596,0.9784014,0.04273075,0.1896589,0.04283379,-1.709428
1600,0.9784022,0.04272914,0.1896516,0.04248333,-1.700064
1604,0.9771662,0.04514629,0.2006316,0.04481936,-1.696876
1608,0.9752325,0.04892159,0.2178368,0.04825978,-1.687318
1612,0.9730747,0.05312556,0.2370761,0.05260239,-1.688977
1616,0.9740052,0.05131394,0.2287748,0.05055256,-1.684337
1620,0.9773579,0.04477149,0.1989272,0.04369562,-1.677673
1624,0.9792712,0.04102784,0.18194,0.04007222,-1.680799
1628,0.9795253,0.04053015,0.1796867,0.03917967,-1.669378
1632,0.9758644,0.04768866,0.2122104,0.04627516,-1.669355
1636,0.974943,0.04948604,0.220415,0.04780152,-1.663117
1640,0.9756643,0.04807913,0.2139915,0.0461357,-1.656475
1644,0.974735,0.04989177,0.2222692,0.04804941,-1.659485
1648,0.9687393,0.06154412,0.2758614,0.05952984,-1.657251
1652,0.9568123,0.08451027,0.3834652,0.08142583,-1.638453
1656,0.9602518,0.07791644,0.3522972,0.07287025,-1.609314
1660,0.9638041,0.07108158,0.3202242,0.06582343,-1.602538
1664,0.9718767,0.05545563,0.2477764,0.05100383,-1.604458
1668,0.9751766,0.04903054,0.2183343,0.04500896,-1.606198
1672,0.9774713,0.04454988,0.1979198,0.04075381,-1.604992
1676,0.973352,0.05258584,0.2346013,0.0480765,-1.599537
1680,0.9721652,0.05489475,0.2451982,0.04970569,-1.587451
1684,0.9741357,0.05105966,0.2276109,0.04610698,-1.586719
1688,0.9738488,0.05161846,0.2301691,0.04679579,-1.590754
1692,0.9757988,0.04781663,0.2127941,0.04275298,-1.577681
1696,0.979104,0.04135537,0.1834236,0.03671037,-1.573514
1700,0.97132,0.05653739,0.2527531,0.05022065,-1.565287
1704,0.9722288,0.05477113,0.2446302,0.04860238,-1.565222
1708,0.9755285,0.04834419,0.215201,0.04251434,-1.559104
1712,0.9746383,0.05008012,0.2231303,0.04376619,-1.551209
1716,0.9751204,0.04914027,0.2188355,0.04284453,-1.549195
1720,0.9741383,0.05105466,0.227588,0.04428139,-1.542339
1724,0.9684353,0.06213295,0.2785873,0.05408213,-1.539678
1728,0.9724633,0.05431509,0.2425354,0.04664744,-1.529656
1732,0.9751595,0.04906392,0.2184868,0.04181944,-1.524465
1736,0.9757861,0.04784149,0.2129075,0.04094131,-1.52955
1740,0.9729792,0.05331141,0.2379286,0.04521386,-1.516564
1744,0.9770136,0.04544443,0.2019878,0.0384307,-1.517997
1748,0.9787664,0.04201627,0.1864187,0.03542649,-1.516753
1752,0.9761106,0.04720801,0.210019,0.03936984,-1.501856
1756,0.976971,0.04552758,0.2023661,0.03755162,-1.490882
1760,0.9767556,0.04594845,0.2042816,0.03788916,-1.490366
1764,0.9765473,0.04635537,0.2061343,0.03806427,-1.485593
1768,0.9751773,0.04902923,0.2183283,0.04007751,-1.479165
1772,0.9708807,0.05739057,0.2566822,0.04688627,-1.473736
1776,0.9740082,0.05130804,0.2287478,0.04156522,-1.468194
1780,0.976346,0.04674846,0.2079248,0.03759342,-1.462893
1784,0.9774072,0.04467511,0.1984891,0.03568747,-1.456927
1788,0.9778269,0.04385459,0.1947606,0.03491473,-1.453804
1792,0.97712,0.04523653,0.2010421,0.03595862,-1.451343
1796,0.9753631,0.04866689,0.2166739,0.03803694,-1.43136
1800,0.9746844,0.04999042,0.2227201,0.0391445,-1.432599
1804,0.9736985,0.05191123,0.23151,0.04041053,-1.425258
1808,0.9736775,0.05195212,0.2316973,0.04024393,-1.420012
1812,0.9727383,0.05378026,0.2400799,0.04164173,-1.418504
1816,0.9745874,0.0501793,0.2235837,0.03872157,-1.416937
1820,0.976974,0.0455218,0.2023399,0.03464866,-1.405022
1824,0.9747736,0.04981643,0.2219248,0.03764007,-1.394848
1828,0.978092,0.04333603,0.1924058,0.0325214,-1.391291
1832,0.9786691,0.04220676,0.1872823,0.03162779,-1.390381
1836,0.9758608,0.04769564,0.2122423,0.03553256,-1.381166
1840,0.9726937,0.05386686,0.2404775,0.04010951,-1.377167
1844,0.9749555,0.04946178,0.2203042,0.03663672,-1.374125
1848,0.976648,0.04615861,0.2052384,0.03395972,-1.368868
1852,0.9755767,0.04825008,0.2147715,0.03522472,-1.35959
1856,0.9750267,0.0493229,0.2196697,0.03587329,-1.355075
1860,0.9758165,0.04778206,0.2126364,0.03461668,-1.351831
1864,0.9718911,0.05542767,0.2476478,0.04014758,-1.347362
1868,0.9738678,0.05158144,0.2299996,0.0367671,-1.332781
1872,0.9741693,0.05099416,0.2273111,0.03630245,-1.33179
1876,0.9711651,0.05683845,0.2541391,0.04010715,-1.319363
1880,0.9722528,0.05472451,0.2444161,0.03865499,-1.321596
1884,0.969296,0.06046528,0.2708716,0.042425,-1.311457
1888,0.9726603,0.05393195,0.2407763,0.03748799,-1.305379
1892,0.9751634,0.04905635,0.2184522,0.03393026,-1.30293
1896,0.9759522,0.0475173,0.211429,0.03261114,-1.295731
1900,0.9730105,0.05325049,0.2376491,0.03638995,-1.288173
1904,0.9738047,0.05170453,0.2305632,0.03514763,-1.283585
1908,0.974655,0.0500477,0.222982,0.03388414,-1.280326
1912,0.9748607,0.04964668,0.221149,0.03348602,-1.276656
1916,0.9751667,0.04904985,0.2184225,0.03282996,-1.269067
1920,0.9752274,0.04893148,0.2178819,0.03255,-1.262816
1924,0.973386,0.05251962,0.2342978,0.03482715,-1.257634
1928,0.9730524,0.05316907,0.2372756,0.03493746,-1.247923
1932,0.9747519,0.04985863,0.2221177,0.03257135,-1.243742
1936,0.9756479,0.04811114,0.2141376,0.03126499,-1.239312
1940,0.9727952,0.05366951,0.2395717,0.03486484,-1.235935
1944,0.9726379,0.05397552,0.2409763,0.03481999,-1.228647
1948,0.9744333,0.05047971,0.2249575,0.03242652,-1.2262
1952,0.9749119,0.04954684,0.2206928,0.03168084,-1.222
1956,0.9752529,0.04888183,0.2176552,0.03104349,-1.215416
1960,0.9752288,0.0489288,0.2178697,0.03088944,-1.209348
1964,0.9753406,0.0487107,0.2168739,0.03056741,-1.203349
1968,0.9739111,0.05149716,0.2296136,0.03224603,-1.199647
1972,0.975255,0.04887766,0.2176362,0.03041428,-1.194679
1976,0.9762336,0.04696798,0.2089251,0.0290667,-1.190156
1980,0.9758196,0.04777604,0.212609,0.0294742,-1.186542
1984,0.9758229,0.04776973,0.2125801,0.02928865,-1.180275
1988,0.9754176,0.0485605,0.2161882,0.02964764,-1.175565
1992,0.9761319,0.04716647,0.2098297,0.02868083,-1.172229
1996,0.9771165,0.04524332,0.201073,0.02726292,-1.164073
2000,0.9774469,0.04459751,0.1981363,0.02670435,-1.158025
2004,0.9756672,0.04807341,0.2139654,0.02873918,-1.154542
2008,0.9762807,0.04687601,0.208506,0.02785423,-1.149068
2012,0.9770013,0.04546845,0.2020971,0.02686008,-1.143907
2016,0.978585,0.04237139,0.1880289,0.02488439,-1.139642
2020,0.9786462,0.04225171,0.1874861,0.02469224,-1.134744
2024,0.9797224,0.04014409,0.1779395,0.02334728,-1.130977
2028,0.9755244,0.04835212,0.2152372,0.02806068,-1.12448
2032,0.9758433,0.04772997,0.2123988,0.02758348,-1.120582
2036,0.9775298,0.04443556,0.1974002,0.02562708,-1.120264
2040,0.9797149,0.04015875,0.1780059,0.02294277,-1.113011
2044,0.9806393,0.03834659,0.1698142,0.02172555,-1.105578
2048,0.9782725,0.04298294,0.1908032,0.02432388,-1.101974
2052,0.977405,0.04467958,0.1985094,0.02515088,-1.095783
2056,0.9747983,0.04976833,0.221705,0.02790739,-1.089214
2060,0.9746802,0.04999852,0.2227572,0.02795013,-1.085998
2064,0.9778196,0.0438689,0.1948255,0.0243013,-1.080101
2068,0.9811922,0.03726178,0.1649179,0.02040564,-1.072046
2072,0.9784303,0.04267418,0.1894023,0.02341648,-1.071227
2076,0.9757072,0.04799539,0.2136095,0.0263404,-1.068582
2080,0.9786072,0.04232788,0.1878316,0.02302728,-1.062783
2084,0.9780566,0.04340529,0.1927203,0.02351441,-1.058007
2088,0.9789152,0.04172498,0.1850983,0.02257468,-1.057581
2092,0.9779056,0.0437007,0.1940616,0.02361589,-1.055375
2096,0.9790392,0.04148227,0.1839985,0.02224315,-1.048738
2100,0.9772505,0.04498154,0.1998824,0.02408691,-1.045555
2104,0.9813079,0.03703475,0.1638938,0.01961438,-1.038685
2108,0.9827294,0.03424299,0.1513213,0.01812477,-1.039531
2112,0.9794511,0.04067564,0.1803453,0.02157035,-1.038074
2116,0.9803529,0.03890824,0.1723515,0.02049998,-1.032522
2120,0.9846936,0.03037852,0.1339777,0.01582403,-1.025512
2124,0.9846518,0.03046083,0.1343464,0.01580638,-1.021654
2128,0.9805536,0.03851467,0.1705734,0.01999646,-1.018022
2132,0.9815259,0.03660691,0.1619647,0.01895523,-1.016339
2136,0.9774868,0.04451948,0.1977816,0.02304377,-1.011843
2140,0.9792719,0.04102659,0.1819344,0.02098848,-1.001953
2144,0.980523,0.03857464,0.1708443,0.01968532,-1.000757
2148,0.9796515,0.04028302,0.1785682,0.02057198,-1.000589
2152,0.9782418,0.04304296,0.1910756,0.02187517,-0.9943037
2156,0.9797795,0.04003203,0.1774326,0.02026635,-0.9920021
2160,0.9764319,0.04658073,0.2071608,0.02351351,-0.9856889
2164,0.9812791,0.03709126,0.1641487,0.01855501,-0.9816092
2168,0.9837524,0.03223115,0.1422836,0.0160055,-0.9767638
2172,0.9791136,0.04133648,0.183338,0.02067427,-0.979186
2176,0.9834098,0.03290522,0.1453096,0.01630593,-0.9743139
2180,0.9844477,0.03086281,0.1361474,0.01516419,-0.9668548
2184,0.9837595,0.0322172,0.142221,0.01574696,-0.9609162
2188,0.9834253,0.03287464,0.1451723,0.01599458,-0.9559721
2192,0.9860858,0.02763486,0.1217062,0.01342084,-0.9568561
2196,0.9822549,0.03517526,0.1555157,0.01715201,-0.9570056
2200,0.9806792,0.03826827,0.1694605,0.01869451,-0.9572422
2204,0.9801982,0.03921145,0.1737218,0.01909919,-0.9538155
2208,0.983717,0.03230083,0.1425963,0.015522,-0.9438733
2212,0.9814232,0.03680849,0.1628736,0.01766312,-0.9401202
2216,0.9779633,0.04358786,0.1935492,0.02098972,-0.9400978
2220,0.9754008,0.04859328,0.2163379,0.02344255,-0.939289
2224,0.9798609,0.03987259,0.1767113,0.01900885,-0.931975
2228,0.9794263,0.04072422,0.1805652,0.01942993,-0.9323123
2232,0.9840688,0.03160858,0.1394907,0.01498795,-0.9308563
2236,0.9832293,0.03326005,0.1469033,0.01569921,-0.9254255
2240,0.9824154,0.03486001,0.1540969,0.01641116,-0.9219525
2244,0.98532,0.02914441,0.1284536,0.0136857,-0.9223733
2248,0.9849055,0.02996117,0.1321088,0.01405252,-0.9207541
2252,0.9849649,0.02984411,0.1315847,0.01387474,-0.9119697
2256,0.9826409,0.03441679,0.152103,0.01602064,-0.9108524
2260,0.9821582,0.03536516,0.1563706,0.0164583,-0.9101287
2264,0.9817886,0.03609109,0.15964,0.01678094,-0.9088446
2268,0.9826239,0.03445029,0.1522536,0.01593398,-0.9044109
2272,0.979234,0.0411008,0.1822704,0.0190182,-0.901378
2276,0.9818734,0.03592461,0.1588901,0.01654997,-0.8996495
2280,0.9841491,0.03145057,0.1387821,0.01442381,-0.8974538
2284,0.9818704,0.03593051,0.1589166,0.01659248,-0.9020632
2288,0.9836433,0.03244585,0.1432472,0.01489607,-0.8980002
2292,0.9789457,0.04166526,0.1848277,0.01916865,-0.8952946
2296,0.9785988,0.04234445,0.1879067,0.01949311,-0.8955571
2300,0.9818678,0.03593552,0.1589392,0.0163917,-0.8896699
2304,0.979641,0.04030359,0.1786613,0.01842514,-0.8896337
2308,0.9855179,0.02875453,0.12671,0.01303172,-0.8869014
2312,0.9879218,0.02401048,0.1055485,0.01082235,-0.883846
2316,0.9841976,0.03135502,0.1383537,0.01407455,-0.8758749
2320,0.9791856,0.04119557,0.1826997,0.01864351,-0.8789815
2324,0.9802155,0.0391776,0.1735688,0.01766926,-0.876565
2328,0.98135,0.0369522,0.1635215,0.01660452,-0.8740254
2332,0.9809116,0.03781253,0.167403,0.01701938,-0.8752546
2336,0.9816135,0.03643489,0.1611893,0.01636129,-0.8736282
2340,0.9847827,0.03020304,0.1331918,0.01349088,-0.8715094
2344,0.9821895,0.03530371,0.1560939,0.01575856,-0.8681686
2348,0.9826388,0.03442091,0.1521215,0.01533203,-0.8664913
2352,0.9847196,0.03032738,0.1337487,0.01343957,-0.8634484
2356,0.9818404,0.03598946,0.1591822,0.01599919,-0.8636844
2360,0.9841102,0.03152716,0.1391256,0.01393001,-0.8598341
2364,0.9800515,0.03949916,0.1750225,0.01752708,-0.8599796
2368,0.9778669,0.04377633,0.1944051,0.01943541,-0.8582737
2372,0.9784427,0.04264981,0.1892917,0.01888165,-0.8559998
2376,0.9809235,0.03778905,0.167297,0.01669363,-0.8563701
2380,0.9815424,0.03657448,0.1618186,0.01613685,-0.8557378
2384,0.9810867,0.03746885,0.1658521,0.01648734,-0.8525646
2388,0.9805413,0.03853863,0.1706816,0.01694328,-0.8511179
2392,0.9804264,0.03876412,0.1717003,0.01701972,-0.8496472
2396,0.9803861,0.03884315,0.1720574,0.01703892,-0.8486866
2400,0.9797449,0.04009992,0.1777397,0.01756118,-0.8463513
2404,0.9784031,0.04272741,0.1896438,0.01872327,-0.8455852
2408,0.9759887,0.04744595,0.2111037,0.0207932,-0.8431978
2412,0.9775689,0.04435909,0.1970527,0.01938524,-0.8419507
2416,0.9781136,0.04329377,0.192214,0.01893193,-0.8431714
2420,0.977001,0.04546916,0.2021004,0.01988408,-0.8420647
2424,0.9767693,0.04592168,0.2041598,0.02007358,-0.8414009
2428,0.976363,0.04671526,0.2077736,0.02038518,-0.8392217
2432,0.9788529,0.04184705,0.1856516,0.01823504,-0.8403657
2436,0.9778749,0.04376072,0.1943342,0.01903878,-0.8377483
2440,0.9770935,0.04528838,0.2012779,0.01973453,-0.8385409
2444,0.9774151,0.04465973,0.1984192,0.01941044,-0.8362539
2448,0.9781214,0.04327852,0.1921447,0.01878578,-0.8356676
2452,0.97491,0.04955059,0.22071,0.02160272,-0.8367923
2456,0.973524,0.05225098,0.2330666,0.02274152,-0.8336326
2460,0.9764903,0.04646665,0.2066411,0.02014975,-0.8329772
2464,0.9746786,0.05000168,0.2227716,0.02169492,-0.8316703
2468,0.975108,0.04916435,0.2189455,0.02135765,-0.8333576
2472,0.9752843,0.04882044,0.2173749,0.02114588,-0.830543
2476,0.9752284,0.04892951,0.2178729,0.02114041,-0.8279539
2480,0.9733818,0.05252796,0.234336,0.02276144,-0.8290018
2484,0.973792,0.0517292,0.2306762,0.02241919,-0.8296017
2488,0.9759654,0.04749143,0.2113111,0.02053933,-0.8297233
2492,0.9756449,0.04811704,0.2141645,0.02078761,-0.8282981
2496,0.9740447,0.05123687,0.228422,0.02215984,-0.827758
2500,0.9744842,0.05038053,0.2245039,0.02178816,-0.8281514
2504,0.9729704,0.05332857,0.2380073,0.0230515,-0.8260651
2508,0.974797,0.04977077,0.2217162,0.02139636,-0.8224006
2512,0.9738755,0.05156648,0.2299311,0.02222994,-0.824268
2516,0.9734367,0.05242109,0.2338462,0.0226682,-0.8269526
2520,0.9724581,0.05432522,0.2425819,0.02348376,-0.8255953
2524,0.9720743,0.05507159,0.2460109,0.02380647,-0.8251954
2528,0.9752825,0.04882395,0.217391,0.02093961,-0.8204879
2532,0.9760819,0.0472641,0.2102747,0.02026629,-0.8211014
2536,0.971639,0.05591756,0.2499008,0.02399337,-0.8171737
2540,0.972688,0.05387813,0.2405292,0.02303978,-0.8147992
2544,0.9706122,0.05791199,0.2590853,0.02483111,-0.8153591
2548,0.9724219,0.05439568,0.2429055,0.02331018,-0.8166736
2552,0.9717611,0.05568033,0.2488097,0.02383815,-0.8150191
2556,0.9718044,0.05559611,0.2484224,0.02388914,-0.8187864
2560,0.9699004,0.05929315,0.2654569,0.0255963,-0.8215329
2564,0.9663495,0.06616867,0.2973156,0.0285198,-0.816218
2568,0.9651572,0.06847155,0.3080388,0.02943453,-0.8122706
2572,0.9646137,0.06952047,0.3129318,0.02994994,-0.8139006
2576,0.9702775,0.0585615,0.2620805,0.02508646,-0.8140693
2580,0.9725606,0.05412579,0.2416662,0.0230793,-0.8117329
2584,0.9691507,0.06074685,0.2721734,0.02608288,-0.8152504
2588,0.9694173,0.06023002,0.2697843,0.02584695,-0.8149776
2592,0.9765362,0.04637712,0.2062334,0.01961504,-0.8075705
2596,0.9775109,0.0444724,0.1975676,0.01873892,-0.8047439
2600,0.9755569,0.0482887,0.2149478,0.02045668,-0.808206
2604,0.9711277,0.05691099,0.2544732,0.02418397,-0.8067364
2608,0.9754516,0.0484941,0.2158852,0.02053551,-0.8076898
2612,0.9749482,0.04947609,0.2203695,0.02104769,-0.8118538
2616,0.9707285,0.05768615,0.2580443,0.02450253,-0.8058655
2620,0.9663575,0.06615323,0.2972438,0.02819543,-0.8047795
2624,0.9686387,0.06173903,0.2767635,0.02628744,-0.8061439
2628,0.9738904,0.05153757,0.2297987,0.02172706,-0.8014885
2632,0.969303,0.06045181,0.2708094,0.02555552,-0.7995027
2636,0.9661672,0.06652105,0.2989547,0.02829254,-0.8024245
2640,0.9669808,0.06494808,0.2916428,0.02762299,-0.803259
2644,0.9629867,0.07265657,0.327594,0.03096369,-0.8011088
2648,0.9690012,0.06103671,0.2735139,0.02576523,-0.7976929
2652,0.968461,0.06208324,0.2783571,0.02627969,-0.7999641
2656,0.9678041,0.06335527,0.284251,0.02682398,-0.7994936
2660,0.9761028,0.04722327,0.2100886,0.01982928,-0.7997284
2664,0.9695569,0.05995947,0.2685342,0.02523514,-0.7952192
2668,0.9674675,0.06400669,0.2872726,0.02694397,-0.7932278
2672,0.9687253,0.06157136,0.2759874,0.0259061,-0.7940483
2676,0.9711279,0.05691069,0.2544718,0.02395197,-0.7968711
2680,0.9769928,0.04548508,0.2021728,0.01901343,-0.7960341
2684,0.9737315,0.05184704,0.231216,0.02168014,-0.7929645
2688,0.9713519,0.05647558,0.2524686,0.02372335,-0.7951394
2692,0.9794018,0.04077208,0.1807819,0.01695721,-0.7933515
2696,0.9793974,0.04078072,0.180821,0.01692232,-0.7910151
2700,0.9725299,0.05418551,0.2419404,0.02261974,-0.7899672
2704,0.9723225,0.05458903,0.2437937,0.02275467,-0.7882369
2708,0.9739949,0.05133402,0.2288668,0.02138715,-0.7894775
2712,0.9711334,0.05690002,0.2544227,0.02372642,-0.7873524
2716,0.9718989,0.05541253,0.2475782,0.02302415,-0.7844999
2720,0.9656487,0.0675227,0.3036174,0.02815646,-0.7815788
2724,0.9695944,0.05988675,0.2681983,0.02493394,-0.7841638
2728,0.9747922,0.04978019,0.2217592,0.0206667,-0.7866849
2732,0.9723174,0.05459887,0.2438388,0.02276914,-0.7886971
2736,0.9670842,0.06474823,0.2907146,0.02700171,-0.7831804
2740,0.963596,0.07148266,0.3220998,0.02997147,-0.7850416
2744,0.9623744,0.07383543,0.3331184,0.03137359,-0.7974454
2748,0.9587839,0.08073336,0.365585,0.03445839,-0.7982252
2752,0.9301741,0.1347761,0.6287151,0.05904472,-0.7942309
2756,0.9263113,0.1419474,0.6648612,0.06018741,-0.7563404
2760,0.9474805,0.1022807,0.4685943,0.04205476,-0.7475308
2764,0.960448,0.07753968,0.3505231,0.03140003,-0.7456743
2768,0.9676999,0.06355691,0.2851861,0.02571063,-0.7523507
2772,0.9702891,0.05853903,0.2619768,0.02371695,-0.7566998
2776,0.9704801,0.05816829,0.2602669,0.02359553,-0.758172
2780,0.9720156,0.05518574,0.2465356,0.02227307,-0.7545645
2784,0.9735698,0.05216193,0.2326585,0.02103539,-0.755361
2788,0.9726278,0.05399525,0.2410668,0.02182765,-0.7568843
2792,0.9719958,0.05522424,0.2467126,0.02229095,-0.7546509
2796,0.9732593,0.05276626,0.2354284,0.02121441,-0.7518644
2800,0.9748659,0.04963654,0.2211027,0.01991824,-0.751593
2804,0.9738953,0.05152792,0.2297545,0.02069828,-0.7516243
2808,0.9721107,0.05500078,0.2456855,0.02206479,-0.7483789
2812,0.9733145,0.05265886,0.234936,0.02108035,-0.7474436
2816,0.9705371,0.05805767,0.2597569,0.02330182,-0.7471812
2820,0.9673172,0.0642975,0.2886221,0.02591332,-0.7480574
2824,0.9716113,0.05597156,0.2501493,0.0223905,-0.7448859
2828,0.9729708,0.05332786,0.238004,0.02127256,-0.7433784
2832,0.9762385,0.04695827,0.2088808,0.01866021,-0.7428637
2836,0.9730817,0.05311197,0.2370137,0.02110421,-0.7394323
2840,0.9722468,0.05473614,0.2444695,0.02176772,-0.7394112
2844,0.9735069,0.05228436,0.2332195,0.02073734,-0.7379678
2848,0.9750573,0.04926324,0.2193972,0.01941593,-0.7330065
2852,0.9737216,0.05186617,0.2313036,0.02050032,-0.734572
2856,0.9723721,0.05449247,0.2433501,0.02157989,-0.7351455
2860,0.9752807,0.04882753,0.2174073,0.01923636,-0.7328165
2864,0.9735738,0.05215406,0.2326225,0.02047766,-0.7274457
2868,0.9730899,0.05309612,0.236941,0.02084798,-0.726949
2872,0.9713987,0.05638468,0.2520502,0.02209735,-0.7231393
2876,0.970744,0.05765617,0.2579061,0.02258848,-0.7220999
2880,0.9719161,0.05537915,0.2474248,0.02163513,-0.7203835
2884,0.9728941,0.05347699,0.2386882,0.02088143,-0.7209029
2888,0.9716256,0.05594379,0.2500215,0.02182146,-0.7184174
2892,0.9716577,0.05588132,0.2497341,0.02175011,-0.7161744
2896,0.9702707,0.0585748,0.2621418,0.02273918,-0.7119224
2900,0.9723198,0.0545941,0.2438169,0.02118091,-0.7134902
2904,0.9731452,0.05298847,0.2364473,0.02048687,-0.7107217
2908,0.9734733,0.05234981,0.2335194,0.0201955,-0.7087445
2912,0.9707304,0.05768245,0.2580272,0.02229547,-0.7078114
2916,0.9700034,0.05909336,0.2645347,0.02276689,-0.7035819
2920,0.9719229,0.05536592,0.2473639,0.02127462,-0.7028624
2924,0.9755493,0.0483036,0.2150158,0.01846344,-0.7011992
2928,0.9709251,0.05730444,0.2562854,0.02192475,-0.6971877
2932,0.9711812,0.05680716,0.2539951,0.02172012,-0.6967629
2936,0.9719915,0.05523247,0.2467504,0.02107497,-0.6954718
2940,0.9714016,0.05637896,0.2520239,0.02149325,-0.6938766
2944,0.9727275,0.05380124,0.2401762,0.02039896,-0.6894935
2948,0.9688981,0.06123644,0.2744378,0.02320902,-0.6848869
2952,0.9669139,0.06507754,0.2922441,0.02471731,-0.6849877
2956,0.9695857,0.05990356,0.2682759,0.02261366,-0.6813714
2960,0.9737049,0.05189872,0.2314527,0.01944616,-0.6778693
2964,0.9752783,0.0488323,0.217429,0.0182597,-0.6773854
2968,0.9728332,0.05359554,0.2392322,0.02009287,-0.6774982
2972,0.971183,0.05680358,0.2539786,0.02124676,-0.6732102
2976,0.9711236,0.05691886,0.2545094,0.0211755,-0.6673217
2980,0.9746823,0.04999447,0.2227387,0.01850119,-0.6655186
2984,0.9709971,0.05716467,0.2556415,0.02126138,-0.6668993
2988,0.9688364,0.06135607,0.2749912,0.02287196,-0.6669546
2992,0.9747232,0.04991478,0.2223744,0.01843745,-0.6635529
2996,0.9799477,0.03970242,0.1759416,0.01443264,-0.6519265
3000,0.9718352,0.05553633,0.2481474,0.02029579,-0.6486905
3004,0.9709455,0.05726486,0.2561031,0.02095726,-0.6492522
3008,0.9686792,0.06166065,0.2764007,0.02250132,-0.6435678
3012,0.9666385,0.06560999,0.2947182,0.02392741,-0.6405777
3016,0.9676036,0.06374335,0.2860509,0.02327985,-0.6432327
3020,0.9660932,0.06666398,0.2996197,0.02422802,-0.6361584
3024,0.9668165,0.06526577,0.2931186,0.0237063,-0.6363459
3028,0.9658685,0.06709808,0.3016401,0.02438067,-0.6356713
3032,0.9718705,0.05546778,0.2478323,0.01993439,-0.6303025
3036,0.9715004,0.05618697,0.2511403,0.02012292,-0.626033
3040,0.9753566,0.04867953,0.2167316,0.01736283,-0.6258419
3044,0.9766216,0.04621017,0.2054731,0.01639152,-0.6211389
3048,0.9731887,0.05290377,0.236059,0.01875234,-0.616433
3052,0.9664124,0.06604713,0.2967504,0.02351414,-0.6135965
3056,0.9676136,0.06372398,0.285961,0.02263445,-0.6123736
3060,0.9692222,0.06060821,0.2715324,0.02149088,-0.612294
3064,0.9697229,0.05963743,0.2670467,0.02097736,-0.6038204
3068,0.9673759,0.06418389,0.2880948,0.02257873,-0.6012167
3072,0.9651265,0.0685308,0.308315,0.02417103,-0.6015707
3076,0.970766,0.05761337,0.2577088,0.0201277,-0.5973037
3080,0.974747,0.04986829,0.2221619,0.01731993,-0.5952443
3084,0.9694807,0.06010717,0.2692167,0.02084202,-0.5872583
3088,0.9685904,0.06183255,0.2771964,0.02139531,-0.5838079
3092,0.9713692,0.05644184,0.2523133,0.01945853,-0.5828521
3096,0.9665709,0.06574076,0.295326,0.02267095,-0.5775453
3100,0.964651,0.06944835,0.3125952,0.02392608,-0.5741436
3104,0.9692783,0.06049949,0.2710298,0.02070953,-0.5721794
3108,0.9681026,0.06277728,0.2815719,0.02141405,-0.566707
3112,0.9708567,0.05743724,0.2568972,0.01955392,-0.5676863
3116,0.9728996,0.05346644,0.2386398,0.01813351,-0.5657107
3120,0.9723269,0.05458033,0.2437537,0.01842346,-0.5594674
3124,0.9704657,0.05819643,0.2603967,0.01960558,-0.5549334
3128,0.9748256,0.04971498,0.2214612,0.01659049,-0.5489905
3132,0.9760734,0.04728061,0.21035,0.01573648,-0.5473605
3136,0.9686561,0.06170541,0.2766079,0.02071239,-0.5484598
3140,0.9731279,0.05302209,0.2366015,0.01762355,-0.5421861
3144,0.9738889,0.05154032,0.2298112,0.01706998,-0.5388456
3148,0.9715705,0.05605078,0.2505137,0.01855962,-0.5357454
3152,0.9675165,0.06391186,0.2868325,0.02121788,-0.5339106
3156,0.9612951,0.0759117,0.3428653,0.02526641,-0.5293265
3160,0.9668833,0.06513667,0.2925188,0.02145218,-0.5234479
3164,0.9733673,0.05255616,0.2344652,0.01710293,-0.5169052
3168,0.9720749,0.05507034,0.2460052,0.01792652,-0.515663
3172,0.9703028,0.05851257,0.2618548,0.01904854,-0.5135441
3176,0.9702113,0.05869007,0.2626736,0.01907171,-0.5111914
3180,0.9664096,0.06605244,0.2967751,0.02147967,-0.5072908
3184,0.9702749,0.05856669,0.2621044,0.01888238,-0.5015095
3188,0.9739244,0.05147129,0.2294952,0.01653807,-0.5018747
3192,0.9733697,0.05255139,0.2344434,0.01685212,-0.4987232
3196,0.9724466,0.05434757,0.2426846,0.01738233,-0.4942468
3200,0.9699672,0.05916363,0.264859,0.01892063,-0.4909244
3204,0.9690054,0.06102854,0.2734761,0.01947951,-0.4872475
3208,0.9654751,0.06785774,0.305178,0.02164572,-0.4818574
3212,0.9665945,0.06569517,0.295114,0.02093096,-0.481799
3216,0.9718556,0.05549675,0.2479655,0.01753869,-0.4782659
3220,0.9739175,0.05148464,0.2295564,0.01624881,-0.4792259
3224,0.9757476,0.04791665,0.2132503,0.0150503,-0.4754433
3228,0.9747702,0.04982299,0.2219548,0.01557179,-0.4677428
3232,0.9730043,0.05326265,0.2377049,0.01661879,-0.4631945
3236,0.9763318,0.04677618,0.2080511,0.0145214,-0.4610024
3240,0.9747325,0.04989654,0.222291,0.01551975,-0.4613831
3244,0.9768341,0.04579508,0.2035835,0.01417171,-0.4574852
3248,0.9769335,0.04560083,0.2026995,0.01409792,-0.4563331
3252,0.970482,0.05816472,0.2602504,0.01805736,-0.4531739
3256,0.969943,0.0592106,0.2650758,0.01832122,-0.448018
3260,0.9674864,0.06397009,0.2871027,0.01977894,-0.443635
3264,0.9723558,0.05452424,0.243496,0.01672535,-0.439628
3268,0.9755366,0.04832828,0.2151284,0.01474761,-0.4369269
3272,0.9717124,0.05577499,0.249245,0.01707241,-0.4358223
3276,0.9735347,0.05223018,0.2329712,0.01595,-0.4351579
3280,0.9771618,0.04515487,0.2006706,0.01373285,-0.4345771
3284,0.9742014,0.05093169,0.2270253,0.01548212,-0.4297796
3288,0.972073,0.05507416,0.2460227,0.0167333,-0.4261244
3292,0.9777017,0.04409945,0.1958729,0.01330533,-0.4243339
3296,0.9775737,0.04434967,0.1970099,0.01335738,-0.4217111
3300,0.9749493,0.04947388,0.2203594,0.01490526,-0.4184118
3304,0.9714124,0.05635792,0.251927,0.01700543,-0.4155256
3308,0.9729043,0.0534572,0.2385975,0.01610532,-0.4154888
3312,0.9740172,0.05129051,0.2286676,0.01539601,-0.4119018
3316,0.9741874,0.05095887,0.2271497,0.01527172,-0.4098453
3320,0.9758549,0.04770714,0.2122947,0.01427193,-0.4097296
3324,0.9758891,0.0476405,0.2119908,0.01423572,-0.4081518
3328,0.9753799,0.04863399,0.2165237,0.01452973,-0.4071338
3332,0.9750334,0.04930985,0.2196101,0.01472587,-0.4060648
3336,0.9755569,0.04828882,0.2149483,0.01439275,-0.4040155
3340,0.9745819,0.05019015,0.2236333,0.01497595,-0.4041815
3344,0.9770386,0.04539567,0.201766,0.01349972,-0.4029077
3348,0.9777058,0.04409128,0.1958358,0.01309958,-0.4025351
3352,0.9762486,0.04693866,0.2087915,0.01397222,-0.4031646
3356,0.9760603,0.04730636,0.2104673,0.01408897,-0.4036354
3360,0.9791152,0.04133332,0.1833237,0.01228329,-0.4049518
3364,0.9796503,0.04028523,0.1785782,0.0119695,-0.4054513
3368,0.979009,0.04154134,0.1842661,0.01235897,-0.4064133
3372,0.9789044,0.04174626,0.1851948,0.0124463,-0.4092903
3376,0.9814873,0.03668261,0.162306,0.01093549,-0.4128607
3380,0.9825381,0.03461885,0.1530119,0.01034808,-0.418157
3384,0.9822427,0.03519928,0.1556238,0.010574,-0.424681
3388,0.9856296,0.02853435,0.1257255,0.008593146,-0.4328343
3392,0.9880369,0.02378315,0.104537,0.007194456,-0.4422284
3396,0.9905619,0.01878715,0.08236772,0.005712954,-0.452654
3400,0.9982315,0.00353384,0.01537445,0.001078396,-0.4674354
